{
  "loadTime": 944.2000000029802,
  "domContentLoaded": 647.6000000089407,
  "responseTime": 283.30000001192093
}