{
  "loadTime": 671.9000000059605,
  "domContentLoaded": 409.70000000298023,
  "responseTime": 164
}