{
  "loadTime": 1477.9000000000233,
  "domContentLoaded": 624.7999999999884,
  "responseTime": 404.79999999998836
}