{
  "loadTime": 206.10000000000582,
  "domContentLoaded": 166,
  "responseTime": 22.20000000001164
}