{
  "loadTime": 1286.5,
  "domContentLoaded": 613.6000000000058,
  "responseTime": 393.90000000000873
}