{
  "loadTime": 1521.7999999970198,
  "domContentLoaded": 696.2999999970198,
  "responseTime": 517.0999999940395
}