{
  "loadTime": 259.0999999999767,
  "domContentLoaded": 214.5,
  "responseTime": 72.59999999997672
}