{
  "loadTime": 1641.0999999999913,
  "domContentLoaded": 933.8999999999942,
  "responseTime": 455.59999999999127
}