{
  "loadTime": 276.4000000000233,
  "domContentLoaded": 245.5,
  "responseTime": 110.29999999998836
}