{
  "loadTime": 2256.9000000059605,
  "domContentLoaded": 726.2000000029802,
  "responseTime": 543.7000000029802
}