{
  "loadTime": 551.6999999999971,
  "domContentLoaded": 417.79999999998836,
  "responseTime": 183.59999999999127
}