{
  "loadTime": 288.4000000000233,
  "domContentLoaded": 250.40000000002328,
  "responseTime": 112.20000000001164
}