{
  "loadTime": 829.0999999940395,
  "domContentLoaded": 531.9000000059605,
  "responseTime": 226.79999999701977
}