{
  "loadTime": 1174.0999999999767,
  "domContentLoaded": 630.5,
  "responseTime": 209.79999999998836
}