{
  "loadTime": 287.3999999999942,
  "domContentLoaded": 226.10000000000582,
  "responseTime": 62.30000000001746
}