{
  "loadTime": 1513.3000000000466,
  "domContentLoaded": 693.1000000000349,
  "responseTime": 474.1000000000349
}