{
  "loadTime": 2858.699999988079,
  "domContentLoaded": 847.5999999940395,
  "responseTime": 558.8999999910593
}